{
    "container_battery": {
        "precision": 1.0,
        "recall": 1.0,
        "f1-score": 1.0,
        "support": 45.0
    },
    "container_biodegradable": {
        "precision": 1.0,
        "recall": 1.0,
        "f1-score": 1.0,
        "support": 17.0
    },
    "container_blue": {
        "precision": 1.0,
        "recall": 0.9897959183673469,
        "f1-score": 0.9948717948717949,
        "support": 98.0
    },
    "container_default": {
        "precision": 1.0,
        "recall": 1.0,
        "f1-score": 1.0,
        "support": 95.0
    },
    "container_green": {
        "precision": 0.978494623655914,
        "recall": 0.9680851063829787,
        "f1-score": 0.9732620320855615,
        "support": 94.0
    },
    "container_oil": {
        "precision": 1.0,
        "recall": 1.0,
        "f1-score": 1.0,
        "support": 34.0
    },
    "container_yellow": {
        "precision": 0.9574468085106383,
        "recall": 0.9782608695652174,
        "f1-score": 0.967741935483871,
        "support": 92.0
    },
    "accuracy": 0.9873684210526316,
    "macro avg": {
        "precision": 0.9908487760237932,
        "recall": 0.9908774134736491,
        "f1-score": 0.9908393946344611,
        "support": 475.0
    },
    "weighted avg": {
        "precision": 0.9875023179087046,
        "recall": 0.9873684210526316,
        "f1-score": 0.9874027894273575,
        "support": 475.0
    }
}