{
    "container_battery": {
        "precision": 1.0,
        "recall": 1.0,
        "f1-score": 1.0,
        "support": 45.0
    },
    "container_biodegradable": {
        "precision": 1.0,
        "recall": 1.0,
        "f1-score": 1.0,
        "support": 17.0
    },
    "container_blue": {
        "precision": 1.0,
        "recall": 0.9897959183673469,
        "f1-score": 0.9948717948717949,
        "support": 98.0
    },
    "container_default": {
        "precision": 1.0,
        "recall": 1.0,
        "f1-score": 1.0,
        "support": 95.0
    },
    "container_green": {
        "precision": 1.0,
        "recall": 0.9680851063829787,
        "f1-score": 0.9837837837837838,
        "support": 94.0
    },
    "container_oil": {
        "precision": 1.0,
        "recall": 1.0,
        "f1-score": 1.0,
        "support": 34.0
    },
    "container_yellow": {
        "precision": 0.9583333333333334,
        "recall": 1.0,
        "f1-score": 0.9787234042553191,
        "support": 92.0
    },
    "accuracy": 0.991578947368421,
    "macro avg": {
        "precision": 0.994047619047619,
        "recall": 0.9939830035357609,
        "f1-score": 0.9939112832729854,
        "support": 475.0
    },
    "weighted avg": {
        "precision": 0.9919298245614036,
        "recall": 0.991578947368421,
        "f1-score": 0.9916119258202125,
        "support": 475.0
    }
}