{
    "container_battery": {
        "precision": 0.98,
        "recall": 0.9423076923076923,
        "f1-score": 0.9607843137254902,
        "support": 52.0
    },
    "container_biodegradable": {
        "precision": 0.76,
        "recall": 1.0,
        "f1-score": 0.8636363636363636,
        "support": 19.0
    },
    "container_blue": {
        "precision": 0.7611940298507462,
        "recall": 0.816,
        "f1-score": 0.7876447876447876,
        "support": 125.0
    },
    "container_default": {
        "precision": 0.9072164948453608,
        "recall": 0.9263157894736842,
        "f1-score": 0.9166666666666666,
        "support": 95.0
    },
    "container_green": {
        "precision": 0.6714285714285714,
        "recall": 0.752,
        "f1-score": 0.7094339622641509,
        "support": 125.0
    },
    "container_oil": {
        "precision": 0.8536585365853658,
        "recall": 0.8974358974358975,
        "f1-score": 0.875,
        "support": 39.0
    },
    "container_yellow": {
        "precision": 0.813953488372093,
        "recall": 0.5932203389830508,
        "f1-score": 0.6862745098039216,
        "support": 118.0
    },
    "accuracy": 0.7975567190226877,
    "macro avg": {
        "precision": 0.8210644458688767,
        "recall": 0.8467542454571894,
        "f1-score": 0.8284915148201973,
        "support": 573.0
    },
    "weighted avg": {
        "precision": 0.8027968354711349,
        "recall": 0.7975567190226877,
        "f1-score": 0.7952765173675913,
        "support": 573.0
    }
}