{
    "container_battery": {
        "precision": 0.8333333333333334,
        "recall": 1.0,
        "f1-score": 0.9090909090909091,
        "support": 45.0
    },
    "container_biodegradable": {
        "precision": 0.85,
        "recall": 1.0,
        "f1-score": 0.918918918918919,
        "support": 17.0
    },
    "container_blue": {
        "precision": 0.7358490566037735,
        "recall": 0.7959183673469388,
        "f1-score": 0.7647058823529411,
        "support": 98.0
    },
    "container_default": {
        "precision": 0.9642857142857143,
        "recall": 0.8526315789473684,
        "f1-score": 0.9050279329608939,
        "support": 95.0
    },
    "container_green": {
        "precision": 0.7411764705882353,
        "recall": 0.6702127659574468,
        "f1-score": 0.7039106145251397,
        "support": 94.0
    },
    "container_oil": {
        "precision": 0.75,
        "recall": 0.9705882352941176,
        "f1-score": 0.8461538461538461,
        "support": 34.0
    },
    "container_yellow": {
        "precision": 0.8170731707317073,
        "recall": 0.7282608695652174,
        "f1-score": 0.7701149425287356,
        "support": 92.0
    },
    "accuracy": 0.8084210526315789,
    "macro avg": {
        "precision": 0.8131025350775377,
        "recall": 0.8596588310158699,
        "f1-score": 0.8311318637901978,
        "support": 475.0
    },
    "weighted avg": {
        "precision": 0.8126561480987872,
        "recall": 0.8084210526315789,
        "f1-score": 0.806814622904891,
        "support": 475.0
    }
}