{
    "container_battery": {
        "precision": 1.0,
        "recall": 1.0,
        "f1-score": 1.0,
        "support": 45.0
    },
    "container_biodegradable": {
        "precision": 1.0,
        "recall": 1.0,
        "f1-score": 1.0,
        "support": 17.0
    },
    "container_blue": {
        "precision": 0.9897959183673469,
        "recall": 0.9897959183673469,
        "f1-score": 0.9897959183673469,
        "support": 98.0
    },
    "container_default": {
        "precision": 1.0,
        "recall": 0.9894736842105263,
        "f1-score": 0.9947089947089947,
        "support": 95.0
    },
    "container_green": {
        "precision": 0.9891304347826086,
        "recall": 0.9680851063829787,
        "f1-score": 0.978494623655914,
        "support": 94.0
    },
    "container_oil": {
        "precision": 1.0,
        "recall": 1.0,
        "f1-score": 1.0,
        "support": 34.0
    },
    "container_yellow": {
        "precision": 0.9578947368421052,
        "recall": 0.9891304347826086,
        "f1-score": 0.9732620320855615,
        "support": 92.0
    },
    "accuracy": 0.9873684210526316,
    "macro avg": {
        "precision": 0.9909744414274373,
        "recall": 0.9909264491062085,
        "f1-score": 0.9908945098311168,
        "support": 475.0
    },
    "weighted avg": {
        "precision": 0.987588582440082,
        "recall": 0.9873684210526316,
        "f1-score": 0.9874020127850149,
        "support": 475.0
    }
}