{
    "container_battery": {
        "precision": 1.0,
        "recall": 1.0,
        "f1-score": 1.0,
        "support": 45.0
    },
    "container_biodegradable": {
        "precision": 1.0,
        "recall": 1.0,
        "f1-score": 1.0,
        "support": 17.0
    },
    "container_blue": {
        "precision": 1.0,
        "recall": 1.0,
        "f1-score": 1.0,
        "support": 98.0
    },
    "container_default": {
        "precision": 1.0,
        "recall": 1.0,
        "f1-score": 1.0,
        "support": 95.0
    },
    "container_green": {
        "precision": 0.989247311827957,
        "recall": 0.9787234042553191,
        "f1-score": 0.983957219251337,
        "support": 94.0
    },
    "container_oil": {
        "precision": 1.0,
        "recall": 1.0,
        "f1-score": 1.0,
        "support": 34.0
    },
    "container_yellow": {
        "precision": 0.978494623655914,
        "recall": 0.9891304347826086,
        "f1-score": 0.9837837837837838,
        "support": 92.0
    },
    "accuracy": 0.9936842105263158,
    "macro avg": {
        "precision": 0.9953917050691244,
        "recall": 0.9954076912911326,
        "f1-score": 0.9953915718621601,
        "support": 475.0
    },
    "weighted avg": {
        "precision": 0.9937068477645727,
        "recall": 0.9936842105263158,
        "f1-score": 0.9936843930899658,
        "support": 475.0
    }
}