{
    "container_battery": {
        "precision": 1.0,
        "recall": 1.0,
        "f1-score": 1.0,
        "support": 45.0
    },
    "container_biodegradable": {
        "precision": 1.0,
        "recall": 1.0,
        "f1-score": 1.0,
        "support": 17.0
    },
    "container_blue": {
        "precision": 1.0,
        "recall": 1.0,
        "f1-score": 1.0,
        "support": 98.0
    },
    "container_default": {
        "precision": 0.9895833333333334,
        "recall": 1.0,
        "f1-score": 0.9947643979057592,
        "support": 95.0
    },
    "container_green": {
        "precision": 0.989247311827957,
        "recall": 0.9787234042553191,
        "f1-score": 0.983957219251337,
        "support": 94.0
    },
    "container_oil": {
        "precision": 1.0,
        "recall": 1.0,
        "f1-score": 1.0,
        "support": 34.0
    },
    "container_yellow": {
        "precision": 0.9782608695652174,
        "recall": 0.9782608695652174,
        "f1-score": 0.9782608695652174,
        "support": 92.0
    },
    "accuracy": 0.991578947368421,
    "macro avg": {
        "precision": 0.9938702163895011,
        "recall": 0.9938548962600767,
        "f1-score": 0.9938546409603306,
        "support": 475.0
    },
    "weighted avg": {
        "precision": 0.9915782399547256,
        "recall": 0.991578947368421,
        "f1-score": 0.99156757139089,
        "support": 475.0
    }
}