{
    "container_battery": {
        "precision": 1.0,
        "recall": 1.0,
        "f1-score": 1.0,
        "support": 45.0
    },
    "container_biodegradable": {
        "precision": 1.0,
        "recall": 1.0,
        "f1-score": 1.0,
        "support": 18.0
    },
    "container_blue": {
        "precision": 1.0,
        "recall": 1.0,
        "f1-score": 1.0,
        "support": 98.0
    },
    "container_default": {
        "precision": 1.0,
        "recall": 1.0,
        "f1-score": 1.0,
        "support": 95.0
    },
    "container_green": {
        "precision": 0.9690721649484536,
        "recall": 1.0,
        "f1-score": 0.9842931937172775,
        "support": 94.0
    },
    "container_oil": {
        "precision": 1.0,
        "recall": 0.9705882352941176,
        "f1-score": 0.9850746268656716,
        "support": 34.0
    },
    "container_yellow": {
        "precision": 1.0,
        "recall": 0.9782608695652174,
        "f1-score": 0.989010989010989,
        "support": 92.0
    },
    "accuracy": 0.9936974789915967,
    "macro avg": {
        "precision": 0.9955817378497791,
        "recall": 0.9926927292656194,
        "f1-score": 0.9940541156562769,
        "support": 476.0
    },
    "weighted avg": {
        "precision": 0.9938924023217535,
        "recall": 0.9936974789915967,
        "f1-score": 0.9937082111593863,
        "support": 476.0
    }
}