{
    "container_battery": {
        "precision": 0.9534883720930233,
        "recall": 0.9111111111111111,
        "f1-score": 0.9318181818181818,
        "support": 45.0
    },
    "container_biodegradable": {
        "precision": 0.8095238095238095,
        "recall": 1.0,
        "f1-score": 0.8947368421052632,
        "support": 17.0
    },
    "container_blue": {
        "precision": 0.7155172413793104,
        "recall": 0.8469387755102041,
        "f1-score": 0.7757009345794392,
        "support": 98.0
    },
    "container_default": {
        "precision": 0.9175257731958762,
        "recall": 0.9368421052631579,
        "f1-score": 0.9270833333333334,
        "support": 95.0
    },
    "container_green": {
        "precision": 0.7469879518072289,
        "recall": 0.6595744680851063,
        "f1-score": 0.7005649717514124,
        "support": 94.0
    },
    "container_oil": {
        "precision": 0.8611111111111112,
        "recall": 0.9117647058823529,
        "f1-score": 0.8857142857142857,
        "support": 34.0
    },
    "container_yellow": {
        "precision": 0.8227848101265823,
        "recall": 0.7065217391304348,
        "f1-score": 0.7602339181286549,
        "support": 92.0
    },
    "accuracy": 0.8168421052631579,
    "macro avg": {
        "precision": 0.8324198670338488,
        "recall": 0.853250414997481,
        "f1-score": 0.8394074953472244,
        "support": 475.0
    },
    "weighted avg": {
        "precision": 0.8192534050403669,
        "recall": 0.8168421052631579,
        "f1-score": 0.8150376132206613,
        "support": 475.0
    }
}