{
    "container_battery": {
        "precision": 0.9148936170212766,
        "recall": 0.9555555555555556,
        "f1-score": 0.9347826086956522,
        "support": 45.0
    },
    "container_biodegradable": {
        "precision": 0.8947368421052632,
        "recall": 1.0,
        "f1-score": 0.9444444444444444,
        "support": 17.0
    },
    "container_blue": {
        "precision": 0.7129629629629629,
        "recall": 0.7857142857142857,
        "f1-score": 0.7475728155339806,
        "support": 98.0
    },
    "container_default": {
        "precision": 0.8969072164948454,
        "recall": 0.9157894736842105,
        "f1-score": 0.90625,
        "support": 95.0
    },
    "container_green": {
        "precision": 0.6261682242990654,
        "recall": 0.7127659574468085,
        "f1-score": 0.6666666666666666,
        "support": 94.0
    },
    "container_oil": {
        "precision": 0.775,
        "recall": 0.9117647058823529,
        "f1-score": 0.8378378378378378,
        "support": 34.0
    },
    "container_yellow": {
        "precision": 0.8421052631578947,
        "recall": 0.5217391304347826,
        "f1-score": 0.6442953020134228,
        "support": 92.0
    },
    "accuracy": 0.7789473684210526,
    "macro avg": {
        "precision": 0.8089677322916156,
        "recall": 0.8290470155311421,
        "f1-score": 0.8116928107417148,
        "support": 475.0
    },
    "weighted avg": {
        "precision": 0.787664825923718,
        "recall": 0.7789473684210526,
        "f1-score": 0.7745367995949012,
        "support": 475.0
    }
}