{
    "container_battery": {
        "precision": 1.0,
        "recall": 1.0,
        "f1-score": 1.0,
        "support": 45.0
    },
    "container_biodegradable": {
        "precision": 1.0,
        "recall": 1.0,
        "f1-score": 1.0,
        "support": 17.0
    },
    "container_blue": {
        "precision": 1.0,
        "recall": 0.9795918367346939,
        "f1-score": 0.9896907216494846,
        "support": 98.0
    },
    "container_default": {
        "precision": 0.9895833333333334,
        "recall": 1.0,
        "f1-score": 0.9947643979057592,
        "support": 95.0
    },
    "container_green": {
        "precision": 0.9787234042553191,
        "recall": 0.9787234042553191,
        "f1-score": 0.9787234042553191,
        "support": 94.0
    },
    "container_oil": {
        "precision": 0.9714285714285714,
        "recall": 1.0,
        "f1-score": 0.9855072463768116,
        "support": 34.0
    },
    "container_yellow": {
        "precision": 0.9782608695652174,
        "recall": 0.9782608695652174,
        "f1-score": 0.9782608695652174,
        "support": 92.0
    },
    "accuracy": 0.9873684210526316,
    "macro avg": {
        "precision": 0.9882851683689202,
        "recall": 0.990939444365033,
        "f1-score": 0.9895638056789418,
        "support": 475.0
    },
    "weighted avg": {
        "precision": 0.9874505012531328,
        "recall": 0.9873684210526316,
        "f1-score": 0.9873674839989647,
        "support": 475.0
    }
}