{
    "container_battery": {
        "precision": 1.0,
        "recall": 1.0,
        "f1-score": 1.0,
        "support": 45.0
    },
    "container_biodegradable": {
        "precision": 1.0,
        "recall": 1.0,
        "f1-score": 1.0,
        "support": 17.0
    },
    "container_blue": {
        "precision": 1.0,
        "recall": 0.9591836734693877,
        "f1-score": 0.9791666666666666,
        "support": 98.0
    },
    "container_default": {
        "precision": 0.9895833333333334,
        "recall": 1.0,
        "f1-score": 0.9947643979057592,
        "support": 95.0
    },
    "container_green": {
        "precision": 0.9381443298969072,
        "recall": 0.9680851063829787,
        "f1-score": 0.9528795811518325,
        "support": 94.0
    },
    "container_oil": {
        "precision": 1.0,
        "recall": 1.0,
        "f1-score": 1.0,
        "support": 34.0
    },
    "container_yellow": {
        "precision": 0.9565217391304348,
        "recall": 0.9565217391304348,
        "f1-score": 0.9565217391304348,
        "support": 92.0
    },
    "accuracy": 0.9768421052631578,
    "macro avg": {
        "precision": 0.9834642003372392,
        "recall": 0.9833986455689716,
        "f1-score": 0.9833331978363847,
        "support": 475.0
    },
    "weighted avg": {
        "precision": 0.9772547024778442,
        "recall": 0.9768421052631578,
        "f1-score": 0.9769086984476899,
        "support": 475.0
    }
}