{
    "container_battery": {
        "precision": 0.9534883720930233,
        "recall": 0.9111111111111111,
        "f1-score": 0.9318181818181818,
        "support": 45.0
    },
    "container_biodegradable": {
        "precision": 0.7083333333333334,
        "recall": 1.0,
        "f1-score": 0.8292682926829268,
        "support": 17.0
    },
    "container_blue": {
        "precision": 0.788235294117647,
        "recall": 0.6836734693877551,
        "f1-score": 0.73224043715847,
        "support": 98.0
    },
    "container_default": {
        "precision": 0.8543689320388349,
        "recall": 0.9263157894736842,
        "f1-score": 0.8888888888888888,
        "support": 95.0
    },
    "container_green": {
        "precision": 0.5826086956521739,
        "recall": 0.7127659574468085,
        "f1-score": 0.6411483253588517,
        "support": 94.0
    },
    "container_oil": {
        "precision": 0.7333333333333333,
        "recall": 0.9705882352941176,
        "f1-score": 0.8354430379746836,
        "support": 34.0
    },
    "container_yellow": {
        "precision": 0.8,
        "recall": 0.5217391304347826,
        "f1-score": 0.631578947368421,
        "support": 92.0
    },
    "accuracy": 0.76,
    "macro avg": {
        "precision": 0.7743382800811922,
        "recall": 0.8180276704497512,
        "f1-score": 0.7843408730357748,
        "support": 475.0
    },
    "weighted avg": {
        "precision": 0.7719143189530718,
        "recall": 0.76,
        "f1-score": 0.7558140115287757,
        "support": 475.0
    }
}