{
    "container_battery": {
        "precision": 1.0,
        "recall": 1.0,
        "f1-score": 1.0,
        "support": 45.0
    },
    "container_biodegradable": {
        "precision": 1.0,
        "recall": 1.0,
        "f1-score": 1.0,
        "support": 17.0
    },
    "container_blue": {
        "precision": 1.0,
        "recall": 0.9897959183673469,
        "f1-score": 0.9948717948717949,
        "support": 98.0
    },
    "container_default": {
        "precision": 0.9895833333333334,
        "recall": 1.0,
        "f1-score": 0.9947643979057592,
        "support": 95.0
    },
    "container_green": {
        "precision": 0.9583333333333334,
        "recall": 0.9787234042553191,
        "f1-score": 0.968421052631579,
        "support": 94.0
    },
    "container_oil": {
        "precision": 1.0,
        "recall": 1.0,
        "f1-score": 1.0,
        "support": 34.0
    },
    "container_yellow": {
        "precision": 0.9777777777777777,
        "recall": 0.9565217391304348,
        "f1-score": 0.967032967032967,
        "support": 92.0
    },
    "accuracy": 0.9852631578947368,
    "macro avg": {
        "precision": 0.9893849206349207,
        "recall": 0.989291580250443,
        "f1-score": 0.9892986017774429,
        "support": 475.0
    },
    "weighted avg": {
        "precision": 0.9853669590643274,
        "recall": 0.9852631578947368,
        "f1-score": 0.9852603486587042,
        "support": 475.0
    }
}